Epoch,Loss,Accuracy
1,0.5560965738352298,0.75688
2,0.5524879469905107,0.75692
3,0.5415521626307789,0.75888
4,0.5341082671190355,0.76164
5,0.5300330550321678,0.7648
