Epoch,Loss,Accuracy
1,0.6403031009215879,0.748
2,0.5881296306897933,0.752
3,0.57109575951737,0.752
4,0.564732435498664,0.752
5,0.5626219892848209,0.752
