Epoch,Loss,Accuracy
1,0.5837376588372767,0.757
2,0.5546421140214579,0.758
3,0.5542031657908281,0.758
4,0.5542002477242056,0.758
5,0.5541066429104816,0.758
