Epoch,TrainLoss,TrainAccuracy,ValLoss,ValAcc
1,0.5696483135963996,0.7472895408163265,0.5175443718990533,0.7890961262553802
2,0.5653727456862091,0.7476084183673469,0.5195983036741146,0.7890961262553802
3,0.5652741354870807,0.7476084183673469,0.520183839345063,0.7890961262553802
4,0.5651710449710928,0.7476084183673469,0.5182508131454526,0.7890961262553802
