Epoch,Loss,Accuracy
1,0.5721029078745793,0.768
2,0.5395996320778742,0.771
3,0.5388407332393566,0.771
4,0.5387013099450765,0.771
5,0.538689043512381,0.771
