Epoch,Loss,Accuracy
1,0.5661624337978175,0.75
2,0.5628957720728609,0.750125
3,0.562666582242677,0.750125
4,0.5622505686584218,0.750125
5,0.5616921518098786,0.750125
