Epoch,Loss,Accuracy
1,0.5916887675595854,0.751
2,0.5616082634765439,0.752
3,0.5609018802183416,0.752
4,0.5609552198386148,0.752
5,0.5609131936338083,0.752
