Epoch,TrainLoss,TrainAccuracy,ValLoss,ValAcc
1,0.675851667967364,0.5704444444444444,0.66261498891413,0.612
2,0.6620899993212371,0.5962222222222222,0.6505192130526907,0.584
3,0.6527159805234618,0.6013333333333334,0.6432568248015267,0.624
