Epoch,TrainLoss,TrainAccuracy,ValLoss,ValAcc
1,1.0318407523830606,0.5108888888888888,1.003423108203388,0.762
2,1.0318411656023423,0.5326666666666666,1.0069254148929314,0.238
3,1.030617155087948,0.4653333333333333,1.0022016111496437,0.762
