Epoch,Loss,Accuracy
1,0.5559529654245837,0.768
2,0.541306294069817,0.769
3,0.5410585024063493,0.769
4,0.5411523998826164,0.769
5,0.5411609238379956,0.769
